<?xml version="1.0" encoding="utf-8"?>
<Player xmlns:xsi="http://www.w3.org/2001/XMLSchema-instance" xmlns:xsd="http://www.w3.org/2001/XMLSchema">
  <PositionX>6</PositionX>
  <PositionY>4</PositionY>
  <Name>Dupaaaa</Name>
  <BodyType>1</BodyType>
  <Money>0</Money>
  <Mokepons>
    <Mokepon>
      <Name>Bushy</Name>
      <DefaultName>Bushy</DefaultName>
      <MaxHP>11</MaxHP>
      <HP>11</HP>
      <LVL>1</LVL>
      <LVL_UP_XP>1</LVL_UP_XP>
      <XP>0</XP>
      <ATK>5</ATK>
      <DEF>6</DEF>
      <SP_ATK>6</SP_ATK>
      <SP_DEF>6</SP_DEF>
      <SPD>5</SPD>
      <ACC>100</ACC>
      <HP_IV>1</HP_IV>
      <ATK_IV>4</ATK_IV>
      <DEF_IV>5</DEF_IV>
      <SP_ATK_IV>11</SP_ATK_IV>
      <SP_DEF_IV>14</SP_DEF_IV>
      <SPD_IV>3</SPD_IV>
      <Type1>GRASS</Type1>
      <Type2>GROUND</Type2>
      <EvolutionName>None</EvolutionName>
      <EvolutionLevel>-1</EvolutionLevel>
      <AbilityNames>
        <AbilityName>Scratch</AbilityName>
        <AbilityName>Harden</AbilityName>
      </AbilityNames>
    </Mokepon>
  </Mokepons>
  <Storage />
  <Items />
  <Location>TestLocation</Location>
  <Direction>3</Direction>
</Player>